material,clave,diametro,precio,por_tramo_m,iva_incluido,moneda,origen,alcance,fuente,edicion,pagina,ubicacion,estado,pais,lista,url,fecha
cobre,cobre_1_2_,"1/2""",,1,no,MXN,proveedor,no especificado,,,,,no especificado,,
cobre,cobre_3_4_,"3/4""",,1,no,MXN,proveedor,no especificado,,,,,no especificado,,
cobre,cobre_1_,"1""",,1,no,MXN,proveedor,no especificado,,,,,no especificado,,
cobre,cobre_1_1_4_,"1 1/4""",,1,no,MXN,proveedor,no especificado,,,,,no especificado,,
cobre,cobre_1_1_2_,"1 1/2""",,1,no,MXN,proveedor,no especificado,,,,,no especificado,,
cobre,cobre_2_,"2""",,1,no,MXN,proveedor,no especificado,,,,,no especificado,,
cobre,cobre_2_1_2_,"2 1/2""",,1,no,MXN,proveedor,no especificado,,,,,no especificado,,
cobre,cobre_3_,"3""",,1,no,MXN,proveedor,no especificado,,,,,no especificado,,
cobre,cobre_4_,"4""",,1,no,MXN,proveedor,no especificado,,,,,no especificado,,
cpvc,cpvc_1_2_,"1/2""",,1,no,MXN,proveedor,no especificado,,,,,no especificado,,
cpvc,cpvc_3_4_,"3/4""",,1,no,MXN,proveedor,no especificado,,,,,no especificado,,
cpvc,cpvc_1_,"1""",,1,no,MXN,proveedor,no especificado,,,,,no especificado,,
cpvc,cpvc_1_1_4_,"1 1/4""",,1,no,MXN,proveedor,no especificado,,,,,no especificado,,
cpvc,cpvc_1_1_2_,"1 1/2""",,1,no,MXN,proveedor,no especificado,,,,,no especificado,,
cpvc,cpvc_2_,"2""",,1,no,MXN,proveedor,no especificado,,,,,no especificado,,
cpvc,cpvc_2_1_2_,"2 1/2""",,1,no,MXN,proveedor,no especificado,,,,,no especificado,,
cpvc,cpvc_3_,"3""",,1,no,MXN,proveedor,no especificado,,,,,no especificado,,
cpvc,cpvc_4_,"4""",,1,no,MXN,proveedor,no especificado,,,,,no especificado,,
acero,acero_1_2_,"1/2""",,1,no,MXN,proveedor,no especificado,,,,,no especificado,,
acero,acero_3_4_,"3/4""",,1,no,MXN,proveedor,no especificado,,,,,no especificado,,
acero,acero_1_,"1""",,1,no,MXN,proveedor,no especificado,,,,,no especificado,,
acero,acero_1_1_4_,"1 1/4""",,1,no,MXN,proveedor,no especificado,,,,,no especificado,,
acero,acero_1_1_2_,"1 1/2""",,1,no,MXN,proveedor,no especificado,,,,,no especificado,,
acero,acero_2_,"2""",,1,no,MXN,proveedor,no especificado,,,,,no especificado,,
acero,acero_2_1_2_,"2 1/2""",,1,no,MXN,proveedor,no especificado,,,,,no especificado,,
acero,acero_3_,"3""",,1,no,MXN,proveedor,no especificado,,,,,no especificado,,
acero,acero_4_,"4""",,1,no,MXN,proveedor,no especificado,,,,,no especificado,,
pead,pead_3_4_,"3/4""",,1,no,MXN,proveedor,no especificado,,,,,no especificado,,
pead,pead_1_,"1""",,1,no,MXN,proveedor,no especificado,,,,,no especificado,,
pead,pead_1_1_4_,"1 1/4""",,1,no,MXN,proveedor,no especificado,,,,,no especificado,,
pead,pead_1_1_2_,"1 1/2""",,1,no,MXN,proveedor,no especificado,,,,,no especificado,,
pead,pead_2_,"2""",,1,no,MXN,proveedor,no especificado,,,,,no especificado,,
pead,pead_2_1_2_,"2 1/2""",,1,no,MXN,proveedor,no especificado,,,,,no especificado,,
pead,pead_3_,"3""",,1,no,MXN,proveedor,no especificado,,,,,no especificado,,
pead,pead_4_,"4""",,1,no,MXN,proveedor,no especificado,,,,,no especificado,,
pead,pead_6_,"6""",,1,no,MXN,proveedor,no especificado,,,,,no especificado,,
ppr,ppr_20_mm,20 mm,,1,no,MXN,proveedor,no especificado,,,,,no especificado,,
ppr,ppr_25_mm,25 mm,,1,no,MXN,proveedor,no especificado,,,,,no especificado,,
ppr,ppr_32_mm,32 mm,,1,no,MXN,proveedor,no especificado,,,,,no especificado,,
ppr,ppr_40_mm,40 mm,,1,no,MXN,proveedor,no especificado,,,,,no especificado,,
ppr,ppr_50_mm,50 mm,,1,no,MXN,proveedor,no especificado,,,,,no especificado,,
ppr,ppr_63_mm,63 mm,,1,no,MXN,proveedor,no especificado,,,,,no especificado,,
ppr,ppr_75_mm,75 mm,,1,no,MXN,proveedor,no especificado,,,,,no especificado,,
ppr,ppr_90_mm,90 mm,,1,no,MXN,proveedor,no especificado,,,,,no especificado,,
ppr,ppr_110_mm,110 mm,,1,no,MXN,proveedor,no especificado,,,,,no especificado,,
