id,descripcion,entradas,formula,fuente,caracter,expresion,esperado,tolerancia,estado,calculado_por
CM.duct.1.a,ancho elegido (mm),"TR-1 suministro 6000 L/s, 18 m, rectangular a fricción 0.8 Pa/m, aspecto 3, 2 codos C 0.28, clase 2"", galvanizado",mínimo de la puntuación de la casa sobre la serie: 1200 × 700,"criterio de la casa (sizeRect index.html:9173, fricción constante 0.8 Pa/m, serie STD_RECT)",criterio de la casa,DUCT.segs[0].w,1200,0,vigente,parches/casos-a-mano/duct.calc.mjs
CM.duct.1.b,alto elegido (mm),"TR-1 suministro 6000 L/s, 18 m, rectangular a fricción 0.8 Pa/m, aspecto 3, 2 codos C 0.28, clase 2"", galvanizado",ídem: 700,"criterio de la casa (sizeRect index.html:9173, fricción constante 0.8 Pa/m, serie STD_RECT)",criterio de la casa,DUCT.segs[0].h,700,0,vigente,parches/casos-a-mano/duct.calc.mjs
CM.duct.1.c,diámetro equivalente (mm),"TR-1 suministro 6000 L/s, 18 m, rectangular a fricción 0.8 Pa/m, aspecto 3, 2 codos C 0.28, clase 2"", galvanizado",1.30·(1.2·0.7)^0.625/(1.2+0.7)^0.25 = 992.95 mm,ASHRAE Fundamentals 2017 cap. 21 ec. 25 (Huebscher),de memoria,DUCT.segs[0].De,992.95,0.01,vigente,parches/casos-a-mano/duct.calc.mjs
CM.duct.1.d,velocidad real (m/s),"TR-1 suministro 6000 L/s, 18 m, rectangular a fricción 0.8 Pa/m, aspecto 3, 2 codos C 0.28, clase 2"", galvanizado",6 / (1.2·0.7) = 7.1429 m/s,continuidad Q = V·A,primaria,DUCT.segs[0].V,7.1429,0.001,vigente,parches/casos-a-mano/duct.calc.mjs
CM.duct.1.e,fricción (Pa/m),"TR-1 suministro 6000 L/s, 18 m, rectangular a fricción 0.8 Pa/m, aspecto 3, 2 codos C 0.28, clase 2"", galvanizado",Q sobre el redondo De; Haaland 0.512 Pa/m (Colebrook 0.518),Darcy-Weisbach con f de Haaland (1983); Colebrook de referencia,primaria,DUCT.segs[0].Pam,0.512,0.0005,vigente,parches/casos-a-mano/duct.calc.mjs
CM.duct.1.f,pérdida en accesorios (Pa),"TR-1 suministro 6000 L/s, 18 m, rectangular a fricción 0.8 Pa/m, aspecto 3, 2 codos C 0.28, clase 2"", galvanizado",2 × 0.28 × ½·1.2·7.143² = 17.143 Pa,"criterio de la casa (index.html FITTINGS: codo rectangular con álabes C 0.28; sin código DFDB, H-174)",criterio de la casa,DUCT.segs[0].fitLoss,17.143,0.01,vigente,parches/casos-a-mano/duct.calc.mjs
CM.duct.1.g,caída del tramo (Pa),"TR-1 suministro 6000 L/s, 18 m, rectangular a fricción 0.8 Pa/m, aspecto 3, 2 codos C 0.28, clase 2"", galvanizado",0.512 × 18 + 17.143 = 26.359 Pa,"Darcy-Weisbach con f de Haaland (1983); Colebrook de referencia; criterio de la casa (index.html FITTINGS: codo rectangular con álabes C 0.28; sin código DFDB, H-174)",primaria,DUCT.segs[0].total,26.359,0.02,vigente,parches/casos-a-mano/duct.calc.mjs
CM.duct.1.h,calibre,"TR-1 suministro 6000 L/s, 18 m, rectangular a fricción 0.8 Pa/m, aspecto 3, 2 codos C 0.28, clase 2"", galvanizado",lado mayor 1200 mm = 47.24 in → calibre 20,"criterio de la casa (RECT_G clase 2"" y GAUGE_T galvanizado, index.html:9079-9088; sin tabla SMACNA citada, H-170)",criterio de la casa,DUCT.segs[0].gauge.gauge,20,0,vigente,parches/casos-a-mano/duct.calc.mjs
CM.duct.1.i,lámina con traslapes (m²),"TR-1 suministro 6000 L/s, 18 m, rectangular a fricción 0.8 Pa/m, aspecto 3, 2 codos C 0.28, clase 2"", galvanizado",2·(1.2+0.7) × 18 × 1.12 = 76.608 m²,"criterio de la casa (perímetro × L × 1.12 de traslapes, acero 7,850 kg/m³; index.html:9362-9365, H-175)",criterio de la casa,DUCT.segs[0].sheet,76.608,0.01,vigente,parches/casos-a-mano/duct.calc.mjs
CM.duct.1.j,kilos de lámina,"TR-1 suministro 6000 L/s, 18 m, rectangular a fricción 0.8 Pa/m, aspecto 3, 2 codos C 0.28, clase 2"", galvanizado",76.608 m² × 1.0058 mm × 7.85 = 604.88 kg,"criterio de la casa (perímetro × L × 1.12 de traslapes, acero 7,850 kg/m³; index.html:9362-9365, H-175)",criterio de la casa,DUCT.segs[0].kg,604.88,0.05,vigente,parches/casos-a-mano/duct.calc.mjs
CM.duct.1.k,juntas transversales,"TR-1 suministro 6000 L/s, 18 m, rectangular a fricción 0.8 Pa/m, aspecto 3, 2 codos C 0.28, clase 2"", galvanizado",⌈18 / 1.219⌉ = 15,"criterio de la casa (sección de 4 pies entre juntas, index.html:9370)",criterio de la casa,DUCT.segs[0].joints,15,0,vigente,parches/casos-a-mano/duct.calc.mjs
CM.duct.1.m,esquineros,"TR-1 suministro 6000 L/s, 18 m, rectangular a fricción 0.8 Pa/m, aspecto 3, 2 codos C 0.28, clase 2"", galvanizado",4 por junta × 15 = 60,"criterio de la casa (index.html:9376; ×4 por junta sin fuente, H-175)",criterio de la casa,DUCT.segs[0].corners,60,0,vigente,parches/casos-a-mano/duct.calc.mjs
CM.duct.1.l,soportes,"TR-1 suministro 6000 L/s, 18 m, rectangular a fricción 0.8 Pa/m, aspecto 3, 2 codos C 0.28, clase 2"", galvanizado",⌈18 / 1.8⌉ = 10,"criterio de la casa (index.html:9372, H-175)",criterio de la casa,DUCT.segs[0].hangers,10,0,vigente,parches/casos-a-mano/duct.calc.mjs
CM.duct.2.a,ancho elegido (mm),"TR-2 suministro 3400 L/s, 12 m, rectangular a fricción 0.8 Pa/m, aspecto 3, 2 codos C 0.28, clase 2"", galvanizado",mínimo de la puntuación de la casa sobre la serie: 900 × 600,"criterio de la casa (sizeRect index.html:9173, fricción constante 0.8 Pa/m, serie STD_RECT)",criterio de la casa,DUCT.segs[1].w,900,0,vigente,parches/casos-a-mano/duct.calc.mjs
CM.duct.2.b,alto elegido (mm),"TR-2 suministro 3400 L/s, 12 m, rectangular a fricción 0.8 Pa/m, aspecto 3, 2 codos C 0.28, clase 2"", galvanizado",ídem: 600,"criterio de la casa (sizeRect index.html:9173, fricción constante 0.8 Pa/m, serie STD_RECT)",criterio de la casa,DUCT.segs[1].h,600,0,vigente,parches/casos-a-mano/duct.calc.mjs
CM.duct.2.c,diámetro equivalente (mm),"TR-2 suministro 3400 L/s, 12 m, rectangular a fricción 0.8 Pa/m, aspecto 3, 2 codos C 0.28, clase 2"", galvanizado",1.30·(0.9·0.6)^0.625/(0.9+0.6)^0.25 = 799.22 mm,ASHRAE Fundamentals 2017 cap. 21 ec. 25 (Huebscher),de memoria,DUCT.segs[1].De,799.22,0.01,vigente,parches/casos-a-mano/duct.calc.mjs
CM.duct.2.d,velocidad real (m/s),"TR-2 suministro 3400 L/s, 12 m, rectangular a fricción 0.8 Pa/m, aspecto 3, 2 codos C 0.28, clase 2"", galvanizado",3.4 / (0.9·0.6) = 6.2963 m/s,continuidad Q = V·A,primaria,DUCT.segs[1].V,6.2963,0.001,vigente,parches/casos-a-mano/duct.calc.mjs
CM.duct.2.e,fricción (Pa/m),"TR-2 suministro 3400 L/s, 12 m, rectangular a fricción 0.8 Pa/m, aspecto 3, 2 codos C 0.28, clase 2"", galvanizado",Q sobre el redondo De; Haaland 0.5162 Pa/m (Colebrook 0.5227),Darcy-Weisbach con f de Haaland (1983); Colebrook de referencia,primaria,DUCT.segs[1].Pam,0.5162,0.0005,vigente,parches/casos-a-mano/duct.calc.mjs
CM.duct.2.f,pérdida en accesorios (Pa),"TR-2 suministro 3400 L/s, 12 m, rectangular a fricción 0.8 Pa/m, aspecto 3, 2 codos C 0.28, clase 2"", galvanizado",2 × 0.28 × ½·1.2·6.296² = 13.32 Pa,"criterio de la casa (index.html FITTINGS: codo rectangular con álabes C 0.28; sin código DFDB, H-174)",criterio de la casa,DUCT.segs[1].fitLoss,13.32,0.01,vigente,parches/casos-a-mano/duct.calc.mjs
CM.duct.2.g,caída del tramo (Pa),"TR-2 suministro 3400 L/s, 12 m, rectangular a fricción 0.8 Pa/m, aspecto 3, 2 codos C 0.28, clase 2"", galvanizado",0.5162 × 12 + 13.32 = 19.515 Pa,"Darcy-Weisbach con f de Haaland (1983); Colebrook de referencia; criterio de la casa (index.html FITTINGS: codo rectangular con álabes C 0.28; sin código DFDB, H-174)",primaria,DUCT.segs[1].total,19.515,0.02,vigente,parches/casos-a-mano/duct.calc.mjs
CM.duct.2.h,calibre,"TR-2 suministro 3400 L/s, 12 m, rectangular a fricción 0.8 Pa/m, aspecto 3, 2 codos C 0.28, clase 2"", galvanizado",lado mayor 900 mm = 35.43 in → calibre 20,"criterio de la casa (RECT_G clase 2"" y GAUGE_T galvanizado, index.html:9079-9088; sin tabla SMACNA citada, H-170)",criterio de la casa,DUCT.segs[1].gauge.gauge,20,0,vigente,parches/casos-a-mano/duct.calc.mjs
CM.duct.2.i,lámina con traslapes (m²),"TR-2 suministro 3400 L/s, 12 m, rectangular a fricción 0.8 Pa/m, aspecto 3, 2 codos C 0.28, clase 2"", galvanizado",2·(0.9+0.6) × 12 × 1.12 = 40.32 m²,"criterio de la casa (perímetro × L × 1.12 de traslapes, acero 7,850 kg/m³; index.html:9362-9365, H-175)",criterio de la casa,DUCT.segs[1].sheet,40.32,0.01,vigente,parches/casos-a-mano/duct.calc.mjs
CM.duct.2.j,kilos de lámina,"TR-2 suministro 3400 L/s, 12 m, rectangular a fricción 0.8 Pa/m, aspecto 3, 2 codos C 0.28, clase 2"", galvanizado",40.32 m² × 1.0058 mm × 7.85 = 318.36 kg,"criterio de la casa (perímetro × L × 1.12 de traslapes, acero 7,850 kg/m³; index.html:9362-9365, H-175)",criterio de la casa,DUCT.segs[1].kg,318.36,0.05,vigente,parches/casos-a-mano/duct.calc.mjs
CM.duct.2.k,juntas transversales,"TR-2 suministro 3400 L/s, 12 m, rectangular a fricción 0.8 Pa/m, aspecto 3, 2 codos C 0.28, clase 2"", galvanizado",⌈12 / 1.219⌉ = 10,"criterio de la casa (sección de 4 pies entre juntas, index.html:9370)",criterio de la casa,DUCT.segs[1].joints,10,0,vigente,parches/casos-a-mano/duct.calc.mjs
CM.duct.2.m,esquineros,"TR-2 suministro 3400 L/s, 12 m, rectangular a fricción 0.8 Pa/m, aspecto 3, 2 codos C 0.28, clase 2"", galvanizado",4 por junta × 10 = 40,"criterio de la casa (index.html:9376; ×4 por junta sin fuente, H-175)",criterio de la casa,DUCT.segs[1].corners,40,0,vigente,parches/casos-a-mano/duct.calc.mjs
CM.duct.2.l,soportes,"TR-2 suministro 3400 L/s, 12 m, rectangular a fricción 0.8 Pa/m, aspecto 3, 2 codos C 0.28, clase 2"", galvanizado",⌈12 / 2.4⌉ = 5,"criterio de la casa (index.html:9372, H-175)",criterio de la casa,DUCT.segs[1].hangers,5,0,vigente,parches/casos-a-mano/duct.calc.mjs
CM.duct.3.a,ancho elegido (mm),"RT-1 retorno 5000 L/s, 15 m, rectangular a fricción 0.8 Pa/m, aspecto 3, 2 codos C 0.28, clase 2"", galvanizado",mínimo de la puntuación de la casa sobre la serie: 900 × 750,"criterio de la casa (sizeRect index.html:9173, fricción constante 0.8 Pa/m, serie STD_RECT)",criterio de la casa,DUCT.segs[2].w,900,0,vigente,parches/casos-a-mano/duct.calc.mjs
CM.duct.3.b,alto elegido (mm),"RT-1 retorno 5000 L/s, 15 m, rectangular a fricción 0.8 Pa/m, aspecto 3, 2 codos C 0.28, clase 2"", galvanizado",ídem: 750,"criterio de la casa (sizeRect index.html:9173, fricción constante 0.8 Pa/m, serie STD_RECT)",criterio de la casa,DUCT.segs[2].h,750,0,vigente,parches/casos-a-mano/duct.calc.mjs
CM.duct.3.c,diámetro equivalente (mm),"RT-1 retorno 5000 L/s, 15 m, rectangular a fricción 0.8 Pa/m, aspecto 3, 2 codos C 0.28, clase 2"", galvanizado",1.30·(0.9·0.75)^0.625/(0.9+0.75)^0.25 = 897.2 mm,ASHRAE Fundamentals 2017 cap. 21 ec. 25 (Huebscher),de memoria,DUCT.segs[2].De,897.2,0.01,vigente,parches/casos-a-mano/duct.calc.mjs
CM.duct.3.d,velocidad real (m/s),"RT-1 retorno 5000 L/s, 15 m, rectangular a fricción 0.8 Pa/m, aspecto 3, 2 codos C 0.28, clase 2"", galvanizado",5 / (0.9·0.75) = 7.4074 m/s,continuidad Q = V·A,primaria,DUCT.segs[2].V,7.4074,0.001,vigente,parches/casos-a-mano/duct.calc.mjs
CM.duct.3.e,fricción (Pa/m),"RT-1 retorno 5000 L/s, 15 m, rectangular a fricción 0.8 Pa/m, aspecto 3, 2 codos C 0.28, clase 2"", galvanizado",Q sobre el redondo De; Haaland 0.6006 Pa/m (Colebrook 0.6078),Darcy-Weisbach con f de Haaland (1983); Colebrook de referencia,primaria,DUCT.segs[2].Pam,0.6006,0.0005,vigente,parches/casos-a-mano/duct.calc.mjs
CM.duct.3.f,pérdida en accesorios (Pa),"RT-1 retorno 5000 L/s, 15 m, rectangular a fricción 0.8 Pa/m, aspecto 3, 2 codos C 0.28, clase 2"", galvanizado",2 × 0.28 × ½·1.2·7.407² = 18.436 Pa,"criterio de la casa (index.html FITTINGS: codo rectangular con álabes C 0.28; sin código DFDB, H-174)",criterio de la casa,DUCT.segs[2].fitLoss,18.436,0.01,vigente,parches/casos-a-mano/duct.calc.mjs
CM.duct.3.g,caída del tramo (Pa),"RT-1 retorno 5000 L/s, 15 m, rectangular a fricción 0.8 Pa/m, aspecto 3, 2 codos C 0.28, clase 2"", galvanizado",0.6006 × 15 + 18.436 = 27.446 Pa,"Darcy-Weisbach con f de Haaland (1983); Colebrook de referencia; criterio de la casa (index.html FITTINGS: codo rectangular con álabes C 0.28; sin código DFDB, H-174)",primaria,DUCT.segs[2].total,27.446,0.02,vigente,parches/casos-a-mano/duct.calc.mjs
CM.duct.3.h,calibre,"RT-1 retorno 5000 L/s, 15 m, rectangular a fricción 0.8 Pa/m, aspecto 3, 2 codos C 0.28, clase 2"", galvanizado",lado mayor 900 mm = 35.43 in → calibre 20,"criterio de la casa (RECT_G clase 2"" y GAUGE_T galvanizado, index.html:9079-9088; sin tabla SMACNA citada, H-170)",criterio de la casa,DUCT.segs[2].gauge.gauge,20,0,vigente,parches/casos-a-mano/duct.calc.mjs
CM.duct.3.i,lámina con traslapes (m²),"RT-1 retorno 5000 L/s, 15 m, rectangular a fricción 0.8 Pa/m, aspecto 3, 2 codos C 0.28, clase 2"", galvanizado",2·(0.9+0.75) × 15 × 1.12 = 55.44 m²,"criterio de la casa (perímetro × L × 1.12 de traslapes, acero 7,850 kg/m³; index.html:9362-9365, H-175)",criterio de la casa,DUCT.segs[2].sheet,55.44,0.01,vigente,parches/casos-a-mano/duct.calc.mjs
CM.duct.3.j,kilos de lámina,"RT-1 retorno 5000 L/s, 15 m, rectangular a fricción 0.8 Pa/m, aspecto 3, 2 codos C 0.28, clase 2"", galvanizado",55.44 m² × 1.0058 mm × 7.85 = 437.75 kg,"criterio de la casa (perímetro × L × 1.12 de traslapes, acero 7,850 kg/m³; index.html:9362-9365, H-175)",criterio de la casa,DUCT.segs[2].kg,437.75,0.05,vigente,parches/casos-a-mano/duct.calc.mjs
CM.duct.3.k,juntas transversales,"RT-1 retorno 5000 L/s, 15 m, rectangular a fricción 0.8 Pa/m, aspecto 3, 2 codos C 0.28, clase 2"", galvanizado",⌈15 / 1.219⌉ = 13,"criterio de la casa (sección de 4 pies entre juntas, index.html:9370)",criterio de la casa,DUCT.segs[2].joints,13,0,vigente,parches/casos-a-mano/duct.calc.mjs
CM.duct.3.m,esquineros,"RT-1 retorno 5000 L/s, 15 m, rectangular a fricción 0.8 Pa/m, aspecto 3, 2 codos C 0.28, clase 2"", galvanizado",4 por junta × 13 = 52,"criterio de la casa (index.html:9376; ×4 por junta sin fuente, H-175)",criterio de la casa,DUCT.segs[2].corners,52,0,vigente,parches/casos-a-mano/duct.calc.mjs
CM.duct.3.l,soportes,"RT-1 retorno 5000 L/s, 15 m, rectangular a fricción 0.8 Pa/m, aspecto 3, 2 codos C 0.28, clase 2"", galvanizado",⌈15 / 2.4⌉ = 7,"criterio de la casa (index.html:9372, H-175)",criterio de la casa,DUCT.segs[2].hangers,7,0,vigente,parches/casos-a-mano/duct.calc.mjs
CM.duct.4.a,"circuito del equipo (suministro + retorno, Pa)","TR-1, TR-2 (suministro) y RT-1 (retorno) de CM.duct.1–3",26.359 + 19.515 + 27.446 = 73.32 Pa,"Darcy-Weisbach con f de Haaland (1983); Colebrook de referencia; criterio de la casa (index.html FITTINGS: codo rectangular con álabes C 0.28; sin código DFDB, H-174)",primaria,DUCT.path,73.32,0.05,vigente,parches/casos-a-mano/duct.calc.mjs
CM.duct.4.b,circuito de extracción y grasa (Pa),"TR-1, TR-2 (suministro) y RT-1 (retorno) de CM.duct.1–3",sin tramos de extracción ni grasa = 0,criterio de la casa (H-25: ventiladores propios),criterio de la casa,DUCT.pathOtros,0,0,vigente,parches/casos-a-mano/duct.calc.mjs
CM.duct.4.c,kilos de lámina del proyecto,"TR-1, TR-2 (suministro) y RT-1 (retorno) de CM.duct.1–3",604.88 + 318.36 + 437.75 = 1360.99 kg,"criterio de la casa (perímetro × L × 1.12 de traslapes, acero 7,850 kg/m³; index.html:9362-9365, H-175)",criterio de la casa,DUCT.boq.kg,1360.99,0.1,vigente,parches/casos-a-mano/duct.calc.mjs
CM.duct.4.d,lámina del proyecto (m²),"TR-1, TR-2 (suministro) y RT-1 (retorno) de CM.duct.1–3",76.608 + 40.32 + 55.44 = 172.368 m²,"criterio de la casa (perímetro × L × 1.12 de traslapes, acero 7,850 kg/m³; index.html:9362-9365, H-175)",criterio de la casa,DUCT.boq.sheet,172.368,0.02,vigente,parches/casos-a-mano/duct.calc.mjs
CM.duct.4.e,hojas de 4 × 8 pies (un solo calibre),"TR-1, TR-2 (suministro) y RT-1 (retorno) de CM.duct.1–3",⌈172.368 / (1.219 × 2.438)⌉ = 58,"criterio de la casa (HOJAS_LAMINA, index.html:9215)",criterio de la casa,DUCT.boq.despiece.hojas,58,0,vigente,parches/casos-a-mano/duct.calc.mjs
CM.duct.5.a,fricción del redondo (Pa/m),"redondo bloqueado Ø500 mm, 1,000 L/s, 12 m, 2 codos C 0.28, clase 2"", galvanizado, tramo comercial 10 pies",V = 5.093 m/s; Haaland 0.5333 Pa/m,Darcy-Weisbach con f de Haaland (1983); Colebrook de referencia,primaria,DUCT.segs[0].Pam,0.5333,0.0005,vigente,parches/casos-a-mano/duct.calc.mjs
CM.duct.5.b,caída del tramo (Pa),"redondo bloqueado Ø500 mm, 1,000 L/s, 12 m, 2 codos C 0.28, clase 2"", galvanizado, tramo comercial 10 pies",0.5333 × 12 + 8.715 = 15.114 Pa,"Darcy-Weisbach con f de Haaland (1983); Colebrook de referencia; criterio de la casa (index.html FITTINGS: codo rectangular con álabes C 0.28; sin código DFDB, H-174)",primaria,DUCT.segs[0].total,15.114,0.02,vigente,parches/casos-a-mano/duct.calc.mjs
CM.duct.5.c,calibre del redondo,"redondo bloqueado Ø500 mm, 1,000 L/s, 12 m, 2 codos C 0.28, clase 2"", galvanizado, tramo comercial 10 pies",Ø500 = 19.69 in → calibre 20,"criterio de la casa (ROUND_G clase 2"", index.html:9089; sin tabla SMACNA de espiral, H-168 BLOQUEADO)",criterio de la casa,DUCT.segs[0].gauge.gauge,20,0,vigente,parches/casos-a-mano/duct.calc.mjs
CM.duct.5.d,kilos del redondo,"redondo bloqueado Ø500 mm, 1,000 L/s, 12 m, 2 codos C 0.28, clase 2"", galvanizado, tramo comercial 10 pies",π·0.5 × 12 × 1.12 × 1.0058 mm × 7.85 = 166.69 kg,"criterio de la casa (perímetro × L × 1.12 de traslapes, acero 7,850 kg/m³; index.html:9362-9365, H-175)",criterio de la casa,DUCT.segs[0].kg,166.69,0.05,vigente,parches/casos-a-mano/duct.calc.mjs
CM.duct.5.e,espiroducto: tramos enteros de 10 pies,"redondo bloqueado Ø500 mm, 1,000 L/s, 12 m, 2 codos C 0.28, clase 2"", galvanizado, tramo comercial 10 pies",⌊12 / 3.048⌋ = 3,"criterio de la casa (despieceSeg, index.html:9239)",criterio de la casa,DUCT.segs[0].despiece.enteras,3,0,vigente,parches/casos-a-mano/duct.calc.mjs
CM.duct.5.f,espiroducto: recorte (m),"redondo bloqueado Ø500 mm, 1,000 L/s, 12 m, 2 codos C 0.28, clase 2"", galvanizado, tramo comercial 10 pies",12 − 3 × 3.048 = 2.856 m,criterio de la casa (despieceSeg),criterio de la casa,DUCT.segs[0].despiece.recorte,2.856,0.001,vigente,parches/casos-a-mano/duct.calc.mjs
CM.duct.5.g,coples entre piezas,"redondo bloqueado Ø500 mm, 1,000 L/s, 12 m, 2 codos C 0.28, clase 2"", galvanizado, tramo comercial 10 pies",3 + 1 piezas − 1 = 3,criterio de la casa (despieceSeg),criterio de la casa,DUCT.boq.despiece.coples,3,0,vigente,parches/casos-a-mano/duct.calc.mjs
CM.duct.6.a,medida del ducto de grasa (ancho mm),"grasa 500 L/s, 6 m, rectangular a fricción 0.8 Pa/m, aspecto 3, clase ½"", galvanizado",350 × 300,"criterio de la casa (sizeRect index.html:9173, fricción constante 0.8 Pa/m, serie STD_RECT)",criterio de la casa,DUCT.segs[0].w,350,0,vigente,parches/casos-a-mano/duct.calc.mjs
CM.duct.6.b,calibre del ducto de grasa hoy,"grasa 500 L/s, 6 m, rectangular a fricción 0.8 Pa/m, aspecto 3, clase ½"", galvanizado","lado mayor 350 mm → tabla clase ½"" y +2 calibres = 22",criterio de la casa (index.html:9145; H-165 BLOQUEADO: NFPA 96 sin texto),criterio de la casa,DUCT.segs[0].gauge.gauge,22,0,vigente,parches/casos-a-mano/duct.calc.mjs
CM.duct.6.c,aviso de velocidad bajo 7.6 m/s,"grasa 500 L/s, 6 m, rectangular a fricción 0.8 Pa/m, aspecto 3, clase ½"", galvanizado",V = 4.762 m/s < 7.6 → 1 aviso,"criterio de la casa (index.html:9352; cita NFPA 96 derogada, H-162)",criterio de la casa,DUCT.segs[0].warn.filter((x) => /grasa/.test(x)).length,1,0,vigente,parches/casos-a-mano/duct.calc.mjs
CM.duct.9.a,"ancho elegido para 1,500 L/s (mm)","SA-9 suministro 1,500 L/s, 10 m y EX-9 extracción 1,000 L/s, 10 m; rectangulares a fricción 0.8 Pa/m, aspecto 3, 2 codos C 0.28",600 × 450: De 566.6 contra el redondo objetivo; la fricción pesa ×5 en la puntuación (con ×50 saldría 650 × 400),"criterio de la casa (sizeRect index.html:9173, fricción constante 0.8 Pa/m, serie STD_RECT)",criterio de la casa,DUCT.segs[0].w,600,0,vigente,parches/casos-a-mano/duct.calc.mjs
CM.duct.9.b,"alto elegido para 1,500 L/s (mm)","SA-9 suministro 1,500 L/s, 10 m y EX-9 extracción 1,000 L/s, 10 m; rectangulares a fricción 0.8 Pa/m, aspecto 3, 2 codos C 0.28",ídem: 450,"criterio de la casa (sizeRect index.html:9173, fricción constante 0.8 Pa/m, serie STD_RECT)",criterio de la casa,DUCT.segs[0].h,450,0,vigente,parches/casos-a-mano/duct.calc.mjs
CM.duct.9.c,circuito del equipo = sólo el suministro (Pa),"SA-9 suministro 1,500 L/s, 10 m y EX-9 extracción 1,000 L/s, 10 m; rectangulares a fricción 0.8 Pa/m, aspecto 3, 2 codos C 0.28",SA-9: 0.6121 × 10 + 10.37 = 16.492 Pa; la extracción no entra,criterio de la casa (H-25: extracción y grasa en ventiladores propios),criterio de la casa,DUCT.path,16.492,0.02,vigente,parches/casos-a-mano/duct.calc.mjs
CM.duct.9.d,circuito de extracción (Pa),"SA-9 suministro 1,500 L/s, 10 m y EX-9 extracción 1,000 L/s, 10 m; rectangulares a fricción 0.8 Pa/m, aspecto 3, 2 codos C 0.28",EX-9 600 × 350: 0.5521 × 10 + 7.619 = 13.14 Pa,"Darcy-Weisbach con f de Haaland (1983); Colebrook de referencia; criterio de la casa (index.html FITTINGS: codo rectangular con álabes C 0.28; sin código DFDB, H-174)",primaria,DUCT.pathOtros,13.14,0.02,vigente,parches/casos-a-mano/duct.calc.mjs
CM.duct.7.a,sin medida posible: kilos del tramo,"rectangular 6,000 L/s, 18 m, alto máximo 200 mm (ninguna medida de la serie queda entre 1.5 y 20 m/s)","ninguna medida cumple → sin sección, 0 kg (hoy 400×200 a 75 m/s)",política de la casa «nada se estima» (decisión del dueño 17-sep-2026); H-166,criterio de la casa,DUCT.segs[0].kg,0,0,fase2:H-166,parches/casos-a-mano/duct.calc.mjs
CM.duct.7.b,sin medida posible: el tramo queda con error visible,ídem,1 error en el tramo,política de la casa «nada se estima» (decisión del dueño 17-sep-2026); H-166,criterio de la casa,DUCT.segs[0].error ? 1 : 0,1,0,fase2:H-166,parches/casos-a-mano/duct.calc.mjs
CM.duct.7.c,medida bloqueada sin capturar (rectangular y redondo): kilos,"dos tramos bloqueados, 2,000 L/s, 10 m cada uno, sin ancho/alto ni diámetro capturados",sin respaldo 400×200 ni Ø250 → 0 kg,política de la casa «nada se estima» (decisión del dueño 17-sep-2026); H-166,criterio de la casa,DUCT.boq.kg,0,0,fase2:H-166,parches/casos-a-mano/duct.calc.mjs
CM.duct.7.d,tramo sin caudal: kilos,"rectangular 0 L/s, 25 m","sin caudal no hay sección → 0 kg (hoy 400×200, 225 kg)",política de la casa «nada se estima» (decisión del dueño 17-sep-2026); H-166,criterio de la casa,DUCT.boq.kg,0,0,fase2:H-166,parches/casos-a-mano/duct.calc.mjs
CM.duct.7.e,tramo sin caudal: importe de ducto en la cotización,"rectangular 0 L/s, 25 m, cruces autorizados",sin kilos no hay partida de lámina → 0 MXN,política de la casa «nada se estima» (decisión del dueño 17-sep-2026); H-166,criterio de la casa,(QUOTE.aux.find((a) => a.mot === 'duct' && a.un === 'KG') || { total: 0 }).total,0,0,fase2:H-166,parches/casos-a-mano/duct.calc.mjs
CM.duct.7.f,tramo sin caudal: el tramo queda con error visible,"rectangular 0 L/s, 25 m",1 error en el tramo,política de la casa «nada se estima» (decisión del dueño 17-sep-2026); H-166,criterio de la casa,DUCT.segs[0].error ? 1 : 0,1,0,fase2:H-166,parches/casos-a-mano/duct.calc.mjs
CM.duct.7.g,"junto a un tramo sin caudal, el tramo sano conserva sus kilos",TR-1 del proyecto fijo + tramo sin caudal de 25 m,sólo TR-1: 604.88 kg,"criterio de la casa (perímetro × L × 1.12 de traslapes, acero 7,850 kg/m³; index.html:9362-9365, H-175)",criterio de la casa,DUCT.boq.kg,604.88,0.05,fase2:H-166,parches/casos-a-mano/duct.calc.mjs
CM.duct.8.a,tramos generados (principal + 1 por zona + aire exterior),dos zonas con carga calculada y aire exterior; «Generar desde carga»,1 + 2 + 1 = 4,criterio de la casa (chainToDuct),criterio de la casa,S.duct.segments.length,4,0,vigente,parches/casos-a-mano/duct.calc.mjs
CM.duct.8.b,suma de longitudes generadas (m),dos zonas con carga calculada y aire exterior; «Generar desde carga»,"nadie las capturó → 0 m, pendiente de longitud (hoy 20 + 10 + 10 + 15 = 55 m)",política de la casa «arranque en ceros» / «nada se estima» (decisión del dueño 17-sep-2026); H-167,criterio de la casa,"S.duct.segments.reduce((a, s) => a + s.length, 0)",0,0,fase2:H-167,parches/casos-a-mano/duct.calc.mjs
CM.duct.8.c,accesorios generados,dos zonas con carga calculada y aire exterior; «Generar desde carga»,nadie los capturó → 0 (hoy tee 0.65 + salida 1.0 por zona y entrada 0.03),política de la casa «arranque en ceros» / «nada se estima» (decisión del dueño 17-sep-2026); H-167,criterio de la casa,"S.duct.segments.reduce((a, s) => a + (s.fittings || []).length, 0)",0,0,fase2:H-167,parches/casos-a-mano/duct.calc.mjs
CM.duct.8.d,kilos de la red generada,dos zonas con carga calculada y aire exterior; «Generar desde carga»,sin longitud → 0 kg,política de la casa «arranque en ceros» / «nada se estima» (decisión del dueño 17-sep-2026); H-167,criterio de la casa,DUCT.boq.kg,0,0,fase2:H-167,parches/casos-a-mano/duct.calc.mjs
CM.duct.8.e,importe de ducto en la cotización,dos zonas con carga calculada y aire exterior; «Generar desde carga»,sin kilos no hay partida de lámina → 0 MXN,política de la casa «arranque en ceros» / «nada se estima» (decisión del dueño 17-sep-2026); H-167,criterio de la casa,(QUOTE.aux.find((a) => a.mot === 'duct' && a.un === 'KG') || { total: 0 }).total,0,0,fase2:H-167,parches/casos-a-mano/duct.calc.mjs
